event_id,recording_id,filename,label,event_number,peak_sample,peak_time_seconds,sampling_rate_hz
0,0,impact10_4g.csv,RUPEE_10,1,362,1.81,200.0
1,0,impact10_4g.csv,RUPEE_10,2,727,3.635,200.0
2,0,impact10_4g.csv,RUPEE_10,3,1179,5.895,200.0
3,0,impact10_4g.csv,RUPEE_10,4,1641,8.205,200.0
4,0,impact10_4g.csv,RUPEE_10,5,2115,10.575,200.0
5,0,impact10_4g.csv,RUPEE_10,6,2630,13.15,200.0
6,0,impact10_4g.csv,RUPEE_10,7,2830,14.15,200.0
7,0,impact10_4g.csv,RUPEE_10,8,3364,16.82,200.0
8,0,impact10_4g.csv,RUPEE_10,9,3684,18.42,200.0
9,1,impact11_4g.csv,RUPEE_10,1,215,1.075,200.0
10,1,impact11_4g.csv,RUPEE_10,2,665,3.325,200.0
11,1,impact11_4g.csv,RUPEE_10,3,1147,5.735,200.0
12,1,impact11_4g.csv,RUPEE_10,4,1715,8.575,200.0
13,1,impact11_4g.csv,RUPEE_10,5,2206,11.03,200.0
14,1,impact11_4g.csv,RUPEE_10,6,2637,13.185,200.0
15,1,impact11_4g.csv,RUPEE_10,7,2929,14.645,200.0
16,1,impact11_4g.csv,RUPEE_10,8,3191,15.955,200.0
17,1,impact11_4g.csv,RUPEE_10,9,3488,17.44,200.0
18,2,impact12_4g.csv,RUPEE_10,1,616,3.08,200.0
19,2,impact12_4g.csv,RUPEE_10,2,1129,5.645,200.0
20,2,impact12_4g.csv,RUPEE_10,3,1539,7.695,200.0
21,2,impact12_4g.csv,RUPEE_10,4,1974,9.87,200.0
22,2,impact12_4g.csv,RUPEE_10,5,2426,12.13,200.0
23,2,impact12_4g.csv,RUPEE_10,6,2913,14.565,200.0
24,2,impact12_4g.csv,RUPEE_10,7,3364,16.82,200.0
25,3,impact1_4g.csv,RUPEE_1,1,281,1.405,200.0
26,3,impact1_4g.csv,RUPEE_1,2,700,3.5,200.0
27,3,impact1_4g.csv,RUPEE_1,3,1162,5.81,200.0
28,3,impact1_4g.csv,RUPEE_1,4,1773,8.865,200.0
29,3,impact1_4g.csv,RUPEE_1,5,2396,11.98,200.0
30,3,impact1_4g.csv,RUPEE_1,6,2789,13.945,200.0
31,3,impact1_4g.csv,RUPEE_1,7,3139,15.695,200.0
32,4,impact2_4g.csv,RUPEE_1,2,358,1.79,200.0
33,4,impact2_4g.csv,RUPEE_1,3,734,3.67,200.0
34,4,impact2_4g.csv,RUPEE_1,4,1122,5.61,200.0
35,4,impact2_4g.csv,RUPEE_1,5,1505,7.525,200.0
36,4,impact2_4g.csv,RUPEE_1,6,2139,10.695,200.0
37,4,impact2_4g.csv,RUPEE_1,7,2758,13.79,200.0
38,4,impact2_4g.csv,RUPEE_1,8,3171,15.855,200.0
39,4,impact2_4g.csv,RUPEE_1,9,3381,16.905,200.0
40,5,impact3_4g.csv,RUPEE_1,1,238,1.19,200.0
41,5,impact3_4g.csv,RUPEE_1,2,800,4.0,200.0
42,5,impact3_4g.csv,RUPEE_1,3,1007,5.035,200.0
43,5,impact3_4g.csv,RUPEE_1,4,1568,7.84,200.0
44,5,impact3_4g.csv,RUPEE_1,5,1998,9.99,200.0
45,5,impact3_4g.csv,RUPEE_1,6,2673,13.365,200.0
46,5,impact3_4g.csv,RUPEE_1,7,3515,17.575,200.0
47,6,impact13_4g.csv,RUPEE_20,1,227,1.135,200.0
48,6,impact13_4g.csv,RUPEE_20,2,576,2.88,200.0
49,6,impact13_4g.csv,RUPEE_20,3,1089,5.445,200.0
50,6,impact13_4g.csv,RUPEE_20,4,1301,6.505,200.0
51,6,impact13_4g.csv,RUPEE_20,5,1623,8.115,200.0
52,6,impact13_4g.csv,RUPEE_20,6,2320,11.6,200.0
53,6,impact13_4g.csv,RUPEE_20,7,2719,13.595,200.0
54,6,impact13_4g.csv,RUPEE_20,8,3072,15.36,200.0
55,6,impact13_4g.csv,RUPEE_20,9,3569,17.845,200.0
56,7,impact14_4g.csv,RUPEE_20,2,289,1.445,200.0
57,7,impact14_4g.csv,RUPEE_20,3,696,3.48,200.0
58,7,impact14_4g.csv,RUPEE_20,4,1284,6.42,200.0
59,7,impact14_4g.csv,RUPEE_20,5,1793,8.965,200.0
60,7,impact14_4g.csv,RUPEE_20,6,2341,11.705,200.0
61,7,impact14_4g.csv,RUPEE_20,7,2846,14.23,200.0
62,7,impact14_4g.csv,RUPEE_20,8,3344,16.72,200.0
63,8,impact4_4g.csv,RUPEE_2,1,212,1.06,200.0
64,8,impact4_4g.csv,RUPEE_2,2,704,3.52,200.0
65,8,impact4_4g.csv,RUPEE_2,3,1142,5.71,200.0
66,8,impact4_4g.csv,RUPEE_2,4,1533,7.665,200.0
67,8,impact4_4g.csv,RUPEE_2,5,3301,16.505,200.0
68,9,impact5_4g.csv,RUPEE_2,1,289,1.445,200.0
69,9,impact5_4g.csv,RUPEE_2,2,716,3.58,200.0
70,9,impact5_4g.csv,RUPEE_2,3,1124,5.62,200.0
71,9,impact5_4g.csv,RUPEE_2,4,1404,7.02,200.0
72,9,impact5_4g.csv,RUPEE_2,5,1832,9.16,200.0
73,9,impact5_4g.csv,RUPEE_2,6,2108,10.54,200.0
74,9,impact5_4g.csv,RUPEE_2,7,2343,11.715,200.0
75,9,impact5_4g.csv,RUPEE_2,8,2998,14.99,200.0
76,9,impact5_4g.csv,RUPEE_2,9,3476,17.38,200.0
77,10,impact6_4g.csv,RUPEE_2,1,264,1.32,200.0
78,10,impact6_4g.csv,RUPEE_2,2,755,3.775,200.0
79,10,impact6_4g.csv,RUPEE_2,3,1096,5.48,200.0
80,10,impact6_4g.csv,RUPEE_2,4,1467,7.335,200.0
81,10,impact6_4g.csv,RUPEE_2,5,2507,12.535,200.0
82,10,impact6_4g.csv,RUPEE_2,6,3111,15.555,200.0
83,10,impact6_4g.csv,RUPEE_2,7,3470,17.35,200.0
84,11,impact7_4g.csv,RUPEE_5,1,299,1.495,200.0
85,11,impact7_4g.csv,RUPEE_5,2,675,3.375,200.0
86,11,impact7_4g.csv,RUPEE_5,3,1070,5.35,200.0
87,11,impact7_4g.csv,RUPEE_5,4,1534,7.67,200.0
88,11,impact7_4g.csv,RUPEE_5,5,2000,10.0,200.0
89,11,impact7_4g.csv,RUPEE_5,6,2668,13.34,200.0
90,11,impact7_4g.csv,RUPEE_5,7,3109,15.545,200.0
91,11,impact7_4g.csv,RUPEE_5,8,3419,17.095,200.0
92,12,impact8_4g.csv,RUPEE_5,1,915,4.575,200.0
93,12,impact8_4g.csv,RUPEE_5,2,1216,6.08,200.0
94,12,impact8_4g.csv,RUPEE_5,3,1483,7.415,200.0
95,12,impact8_4g.csv,RUPEE_5,4,1758,8.79,200.0
96,12,impact8_4g.csv,RUPEE_5,5,2086,10.43,200.0
97,12,impact8_4g.csv,RUPEE_5,6,2513,12.565,200.0
98,12,impact8_4g.csv,RUPEE_5,7,3070,15.35,200.0
99,12,impact8_4g.csv,RUPEE_5,8,3272,16.36,200.0
100,12,impact8_4g.csv,RUPEE_5,9,3624,18.12,200.0
101,13,impact9_4g.csv,RUPEE_5,1,285,1.425,200.0
102,13,impact9_4g.csv,RUPEE_5,2,747,3.735,200.0
103,13,impact9_4g.csv,RUPEE_5,3,1177,5.885,200.0
104,13,impact9_4g.csv,RUPEE_5,4,1518,7.59,200.0
105,13,impact9_4g.csv,RUPEE_5,5,1935,9.675,200.0
106,13,impact9_4g.csv,RUPEE_5,6,2334,11.67,200.0
107,13,impact9_4g.csv,RUPEE_5,7,2885,14.425,200.0
108,13,impact9_4g.csv,RUPEE_5,8,3090,15.45,200.0
109,13,impact9_4g.csv,RUPEE_5,9,3403,17.015,200.0
110,13,impact9_4g.csv,RUPEE_5,10,3643,18.215,200.0
