timestamp,relative_time,motion_score,suddenness,duration_ms,largest_area,contour_count,location_x,location_y,detector_state,label
1789159858.024,0.01,0.0,0.0,0,0,0,0,0,NO IMPACT,UNLABELED
1789159858.291,0.277,0.0,0.0,0,0,0,0,0,NO IMPACT,UNLABELED
1789159858.663,0.649,0.0023,0.0023,0,287,14,985,662,NO IMPACT,UNLABELED
1789159859.257,1.242,0.0047,0.0024,0,931,21,1454,423,NO IMPACT,UNLABELED
1789159859.815,1.8,0.0034,-0.0013,0,395,22,944,644,NO IMPACT,UNLABELED
1789159860.894,2.879,0.0058,0.0024,0,315,38,937,640,NO IMPACT,UNLABELED
1789159861.606,3.591,0.0087,0.0029,0,603,62,1430,504,NO IMPACT,UNLABELED
1789159862.045,4.031,0.0452,0.0365,0,900,229,1267,334,IMPACT DETECTED,UNLABELED
1789159862.201,4.186,0.0078,-0.0374,0,759,47,1410,729,NO IMPACT,UNLABELED
1789159862.58,4.565,0.0211,0.0133,0,508,138,1222,483,MOTION DETECTED,UNLABELED
1789159864.263,6.248,0.013,-0.0081,1682,527,86,1433,509,MOTION DETECTED,UNLABELED
1789159865.931,7.916,0.002,-0.011,0,241,13,1408,502,NO IMPACT,UNLABELED
1789159866.522,8.508,0.0439,0.0419,0,592,238,653,832,IMPACT DETECTED,UNLABELED
1789159867.339,9.325,0.0662,0.0223,817,1438,297,1241,589,MOTION DETECTED,UNLABELED
1789159867.556,9.541,0.0421,-0.0241,1034,1373,219,909,738,MOTION DETECTED,UNLABELED
1789159867.856,9.841,0.0237,-0.0184,1333,1083,175,1462,484,MOTION DETECTED,UNLABELED
1789159868.691,10.677,0.0396,0.0159,2169,2130,210,1065,783,MOTION DETECTED,UNLABELED
1789159869.193,11.178,0.0099,-0.0297,0,930,53,766,296,NO IMPACT,UNLABELED
1789159870.918,12.903,0.0145,0.0046,0,808,92,716,379,MOTION DETECTED,UNLABELED
1789159871.806,13.792,0.0252,0.0107,889,1053,147,712,413,MOTION DETECTED,UNLABELED
1789159872.815,14.8,0.0013,-0.0239,0,94,14,586,359,NO IMPACT,UNLABELED
1789159873.906,15.891,0.0,-0.0013,0,0,0,0,0,NO IMPACT,UNLABELED
1789159874.248,16.234,0.0002,0.0002,0,163,1,1503,500,NO IMPACT,UNLABELED
1789159876.163,18.149,0.0395,0.0393,0,4795,178,467,486,IMPACT CANDIDATE,UNLABELED
1789159876.438,18.424,0.0012,-0.0383,0,282,7,811,689,NO IMPACT,UNLABELED
1789159876.671,18.656,0.0062,0.005,0,289,48,442,550,NO IMPACT,UNLABELED
1789159877.27,19.255,0.0278,0.0216,0,1512,133,1013,825,MOTION DETECTED,UNLABELED
1789159878.549,20.535,0.0226,-0.0052,1280,10849,17,575,791,MOTION DETECTED,UNLABELED
1789159879.797,21.782,0.0068,-0.0158,0,2225,10,573,841,NO IMPACT,UNLABELED
1789159880.349,22.334,0.0197,0.0129,0,3926,17,550,749,MOTION DETECTED,UNLABELED
1789159880.925,22.91,0.0,-0.0197,0,0,0,0,0,NO IMPACT,UNLABELED
1789159881.28,23.265,0.0002,0.0002,0,76,2,1244,767,NO IMPACT,UNLABELED
1789159882.006,23.991,0.0,-0.0002,0,0,0,0,0,NO IMPACT,UNLABELED
1789159882.389,24.374,0.0,0.0,0,0,0,0,0,NO IMPACT,UNLABELED
1789159882.931,24.916,0.0,0.0,0,0,0,0,0,NO IMPACT,UNLABELED
1789159883.214,25.2,0.0001,0.0001,0,56,1,1229,652,NO IMPACT,UNLABELED
1789159883.874,25.86,0.002,0.0019,0,241,14,739,612,NO IMPACT,UNLABELED
1789159884.367,26.353,0.0004,-0.0016,0,99,4,935,332,NO IMPACT,UNLABELED
1789159884.597,26.582,0.0083,0.0079,0,423,60,422,422,NO IMPACT,UNLABELED
1789159884.757,26.743,0.0514,0.0431,0,1607,190,503,362,IMPACT DETECTED,UNLABELED
1789159884.911,26.897,0.034,-0.0174,154,1340,159,838,263,MOTION DETECTED,UNLABELED
1789159885.187,27.172,0.0922,0.0582,429,7562,228,1329,305,MOTION DETECTED,UNLABELED
1789159885.488,27.473,0.0,-0.0922,0,0,0,0,0,NO IMPACT,UNLABELED
1789159885.73,27.715,0.0,0.0,0,0,0,0,0,NO IMPACT,UNLABELED
1789159885.885,27.87,0.0056,0.0056,0,358,33,915,661,NO IMPACT,UNLABELED
1789159886.269,28.255,0.0001,-0.0055,0,62,1,438,564,NO IMPACT,UNLABELED
1789159886.59,28.575,0.0001,0.0,0,55,1,950,451,NO IMPACT,UNLABELED
1789159886.891,28.876,0.0,-0.0001,0,0,0,0,0,NO IMPACT,UNLABELED
1789159886.98,28.965,0.0001,0.0001,0,75,1,1520,550,NO IMPACT,UNLABELED
1789159887.224,29.209,0.0001,0.0,0,77,1,390,576,NO IMPACT,UNLABELED
1789159887.528,29.514,0.0018,0.0017,0,193,10,1400,603,NO IMPACT,UNLABELED
1789159887.753,29.738,0.0024,0.0006,0,490,14,1317,576,NO IMPACT,UNLABELED
1789159888.349,30.334,0.003,0.0006,0,1873,3,1504,343,NO IMPACT,UNLABELED
1789159888.688,30.674,0.001,-0.002,0,447,5,1510,313,NO IMPACT,UNLABELED
1789159889.077,31.062,0.0002,-0.0008,0,100,2,1528,337,NO IMPACT,UNLABELED
1789159889.467,31.453,0.0004,0.0002,0,76,5,1238,565,NO IMPACT,UNLABELED
1789159889.925,31.911,0.0012,0.0008,0,133,11,1375,585,NO IMPACT,UNLABELED
1789159890.395,32.38,0.0023,0.0011,0,385,14,414,508,NO IMPACT,UNLABELED
1789159891.221,33.206,0.0003,-0.002,0,81,4,930,517,NO IMPACT,UNLABELED
1789159893.104,35.09,0.0066,0.0063,0,300,47,481,486,NO IMPACT,UNLABELED
1789159893.99,35.975,0.0005,-0.0061,0,323,2,1477,843,NO IMPACT,UNLABELED
1789159894.397,36.383,0.0002,-0.0003,0,64,2,1500,831,NO IMPACT,UNLABELED
1789159894.804,36.789,0.0,-0.0002,0,0,0,0,0,NO IMPACT,UNLABELED
1789159895.388,37.373,0.0,0.0,0,0,0,0,0,NO IMPACT,UNLABELED
1789159895.901,37.886,0.0,0.0,0,0,0,0,0,NO IMPACT,UNLABELED
1789159896.266,38.251,0.0138,0.0138,0,2577,40,677,775,MOTION DETECTED,UNLABELED
1789159896.623,38.608,0.0069,-0.0069,0,2918,13,743,775,NO IMPACT,UNLABELED
1789159896.981,38.966,0.0233,0.0164,0,9989,19,838,710,MOTION DETECTED,UNLABELED
1789159897.369,39.354,0.0009,-0.0224,0,153,7,1454,548,NO IMPACT,UNLABELED
1789159898.006,39.992,0.0,-0.0009,0,0,0,0,0,NO IMPACT,UNLABELED
1789159898.554,40.539,0.0003,0.0003,0,189,2,404,396,NO IMPACT,UNLABELED
1789159898.725,40.711,0.0,-0.0003,0,0,0,0,0,NO IMPACT,UNLABELED
1789159899.135,41.12,0.0,0.0,0,0,0,0,0,NO IMPACT,UNLABELED
1789159899.548,41.533,0.0001,0.0001,0,56,1,1162,333,NO IMPACT,UNLABELED
1789159899.755,41.74,0.0026,0.0025,0,493,17,414,782,NO IMPACT,UNLABELED
1789159899.881,41.867,0.0011,-0.0015,0,304,9,1163,833,NO IMPACT,UNLABELED
1789159900.065,42.05,0.0086,0.0075,0,700,46,468,744,NO IMPACT,UNLABELED
1789159900.201,42.186,0.0,-0.0086,0,0,0,0,0,NO IMPACT,UNLABELED
1789159900.876,42.862,0.0,0.0,0,0,0,0,0,NO IMPACT,UNLABELED
1789159901.514,43.5,0.0,0.0,0,0,0,0,0,NO IMPACT,UNLABELED
1789159902.1,44.086,0.0006,0.0006,0,110,7,444,486,NO IMPACT,UNLABELED
1789159902.314,44.299,0.0,-0.0006,0,0,0,0,0,NO IMPACT,UNLABELED
1789159902.516,44.501,0.0004,0.0004,0,80,5,453,516,NO IMPACT,UNLABELED
1789159902.646,44.631,0.0912,0.0908,0,2568,270,1048,666,IMPACT DETECTED,UNLABELED
1789159902.805,44.79,0.0323,-0.0589,158,823,198,825,367,MOTION DETECTED,UNLABELED
1789159902.957,44.943,0.0596,0.0273,311,3303,250,520,365,IMPACT CANDIDATE,UNLABELED
1789159903.154,45.139,0.0534,-0.0062,507,3788,208,1259,705,MOTION DETECTED,UNLABELED
1789159903.447,45.432,0.0089,-0.0445,0,699,50,856,243,NO IMPACT,UNLABELED
1789159903.639,45.624,0.0287,0.0198,0,5747,126,1307,724,MOTION DETECTED,UNLABELED
1789159903.876,45.862,0.0584,0.0297,238,1917,234,417,470,IMPACT CANDIDATE,UNLABELED
1789159903.997,45.983,0.0065,-0.0519,0,387,51,436,460,NO IMPACT,UNLABELED
1789159904.256,46.241,0.0183,0.0118,0,606,115,679,314,MOTION DETECTED,UNLABELED
1789159904.434,46.419,0.0344,0.0161,178,832,182,1499,386,MOTION DETECTED,UNLABELED
1789159904.605,46.591,0.0183,-0.0161,350,519,118,1327,320,MOTION DETECTED,UNLABELED
1789159904.784,46.77,0.0103,-0.008,529,748,65,1318,314,MOTION DETECTED,UNLABELED
1789159905.016,47.001,0.0317,0.0214,760,2217,178,959,393,MOTION DETECTED,UNLABELED
1789159905.151,47.136,0.0036,-0.0281,0,397,24,564,760,NO IMPACT,UNLABELED
1789159905.32,47.306,0.0013,-0.0023,0,199,10,1355,579,NO IMPACT,UNLABELED
1789159905.805,47.79,0.0106,0.0093,0,445,73,441,636,MOTION DETECTED,UNLABELED
1789159906.015,48.001,0.001,-0.0096,0,474,5,1435,465,NO IMPACT,UNLABELED
1789159906.35,48.335,0.0079,0.0069,0,591,36,1217,314,NO IMPACT,UNLABELED
1789159906.474,48.46,0.0113,0.0034,0,875,62,1235,347,MOTION DETECTED,UNLABELED
1789159906.654,48.64,0.0004,-0.0109,0,237,2,668,618,NO IMPACT,UNLABELED
1789159907.29,49.276,0.0001,-0.0003,0,92,1,394,556,NO IMPACT,UNLABELED
1789159907.743,49.728,0.0046,0.0045,0,363,34,508,451,NO IMPACT,UNLABELED
1789159908.058,50.043,0.0027,-0.0019,0,939,13,629,781,NO IMPACT,UNLABELED
1789159908.178,50.164,0.0037,0.001,0,374,24,486,453,NO IMPACT,UNLABELED
1789159908.383,50.368,0.0011,-0.0026,0,87,12,975,407,NO IMPACT,UNLABELED
1789159908.601,50.586,0.0,-0.0011,0,0,0,0,0,NO IMPACT,UNLABELED
1789159908.772,50.758,0.0,0.0,0,0,0,0,0,NO IMPACT,UNLABELED
1789159908.981,50.967,0.0006,0.0006,0,378,2,469,468,NO IMPACT,UNLABELED
1789159909.192,51.178,0.0004,-0.0002,0,112,4,1505,822,NO IMPACT,UNLABELED
1789159909.319,51.304,0.0018,0.0014,0,224,12,692,489,NO IMPACT,UNLABELED
1789159909.518,51.503,0.0177,0.0159,0,4794,34,463,433,MOTION DETECTED,UNLABELED
1789159910.336,52.321,0.0083,-0.0094,0,1565,20,641,487,NO IMPACT,UNLABELED
1789159910.841,52.827,0.018,0.0097,0,1938,38,972,579,MOTION DETECTED,UNLABELED
1789159911.361,53.346,0.0061,-0.0119,0,3512,5,1472,727,NO IMPACT,UNLABELED
1789159911.731,53.716,0.0022,-0.0039,0,1624,1,1505,752,NO IMPACT,UNLABELED
1789159912.16,54.145,0.0011,-0.0011,0,392,4,1527,775,NO IMPACT,UNLABELED
1789159912.312,54.297,0.0,-0.0011,0,0,0,0,0,NO IMPACT,UNLABELED
1789159912.548,54.533,0.0004,0.0004,0,335,1,1527,443,NO IMPACT,UNLABELED
1789159912.736,54.722,0.0048,0.0044,0,862,16,1031,313,NO IMPACT,UNLABELED
1789159912.932,54.918,0.0004,-0.0044,0,164,3,695,445,NO IMPACT,UNLABELED
1789159913.189,55.174,0.0031,0.0027,0,466,14,704,446,NO IMPACT,UNLABELED
1789159913.333,55.319,0.0013,-0.0018,0,269,9,720,512,NO IMPACT,UNLABELED
1789159913.477,55.462,0.001,-0.0003,0,272,6,693,493,NO IMPACT,UNLABELED
1789159913.648,55.633,0.0049,0.0039,0,2509,9,695,500,NO IMPACT,UNLABELED
1789159913.821,55.807,0.0122,0.0073,0,4600,25,1269,320,MOTION DETECTED,UNLABELED
1789159913.95,55.935,0.0067,-0.0055,0,763,27,1313,316,NO IMPACT,UNLABELED
1789159914.572,56.557,0.0,-0.0067,0,0,0,0,0,NO IMPACT,UNLABELED
1789159914.901,56.887,0.0,0.0,0,0,0,0,0,NO IMPACT,UNLABELED
1789159915.194,57.179,0.0,0.0,0,0,0,0,0,NO IMPACT,UNLABELED
1789159915.392,57.377,0.0006,0.0006,0,466,1,1505,850,NO IMPACT,UNLABELED
1789159915.661,57.646,0.0,-0.0006,0,0,0,0,0,NO IMPACT,UNLABELED
1789159915.949,57.934,0.0,0.0,0,0,0,0,0,NO IMPACT,UNLABELED
1789159916.734,58.72,0.0,0.0,0,0,0,0,0,NO IMPACT,UNLABELED
1789159917.272,59.258,0.0,0.0,0,0,0,0,0,NO IMPACT,UNLABELED
1789159917.43,59.415,0.0249,0.0249,0,562,139,1458,334,MOTION DETECTED,UNLABELED
1789159917.568,59.553,0.0126,-0.0123,139,726,67,996,492,MOTION DETECTED,UNLABELED
1789159917.843,59.828,0.0332,0.0206,413,974,160,617,549,MOTION DETECTED,UNLABELED
1789159918.048,60.033,0.0196,-0.0136,619,926,110,484,589,MOTION DETECTED,UNLABELED
1789159918.31,60.295,0.0104,-0.0092,880,573,57,653,588,MOTION DETECTED,UNLABELED
1789159918.819,60.805,0.0519,0.0415,1390,1520,232,562,592,MOTION DETECTED,UNLABELED
1789159919.626,61.611,0.055,0.0031,2196,1418,226,1191,409,MOTION DETECTED,UNLABELED
1789159919.76,61.746,0.0257,-0.0293,2331,3087,110,1167,400,MOTION DETECTED,UNLABELED
1789159920.226,62.212,0.0453,0.0196,2797,1897,202,1155,383,MOTION DETECTED,UNLABELED
1789159920.504,62.49,0.0083,-0.037,0,954,49,1340,445,NO IMPACT,UNLABELED
1789159920.827,62.813,0.0018,-0.0065,0,332,13,1373,417,NO IMPACT,UNLABELED
1789159920.994,62.979,0.0048,0.003,0,441,26,1513,233,NO IMPACT,UNLABELED
1789159921.257,63.243,0.0052,0.0004,0,569,30,1485,376,NO IMPACT,UNLABELED
1789159921.522,63.508,0.0051,-0.0001,0,1732,17,1456,386,NO IMPACT,UNLABELED
1789159921.875,63.86,0.0011,-0.004,0,192,9,861,332,NO IMPACT,UNLABELED
1789159922.113,64.098,0.0001,-0.001,0,107,1,1390,449,NO IMPACT,UNLABELED
1789159922.215,64.201,0.0004,0.0003,0,107,3,1330,229,NO IMPACT,UNLABELED
1789159922.385,64.37,0.0636,0.0632,0,1354,290,1250,633,IMPACT DETECTED,UNLABELED
1789159922.467,64.453,0.0286,-0.035,83,1283,147,1201,533,MOTION DETECTED,UNLABELED
1789159922.599,64.584,0.0369,0.0083,215,1649,165,1201,525,MOTION DETECTED,UNLABELED
1789159922.71,64.696,0.0708,0.0339,326,1766,243,1213,522,IMPACT CANDIDATE,UNLABELED
1789159922.829,64.815,0.0041,-0.0667,0,482,17,956,303,NO IMPACT,NO_IMPACT
1789159923.211,65.196,0.0047,0.0006,0,1039,17,516,269,NO IMPACT,NO_IMPACT
1789159923.345,65.331,0.0002,-0.0045,0,91,2,853,375,NO IMPACT,UNLABELED
1789159923.51,65.495,0.0016,0.0014,0,759,2,831,397,NO IMPACT,NO_IMPACT
1789159923.644,65.629,0.0011,-0.0005,0,238,7,787,317,NO IMPACT,UNLABELED
1789159923.862,65.847,0.0033,0.0022,0,1049,14,549,358,NO IMPACT,NO_IMPACT
1789159924.018,66.003,0.001,-0.0023,0,512,3,536,408,NO IMPACT,NO_IMPACT
1789159924.128,66.113,0.001,0.0,0,587,3,501,403,NO IMPACT,UNLABELED
1789159924.266,66.251,0.0038,0.0028,0,470,22,635,683,NO IMPACT,UNLABELED
1789159924.445,66.43,0.0001,-0.0037,0,63,1,1300,548,NO IMPACT,NO_IMPACT
1789159925.069,67.054,0.0,-0.0001,0,0,0,0,0,NO IMPACT,NO_IMPACT
1789159925.5,67.485,0.0001,0.0001,0,65,1,1453,512,NO IMPACT,UNLABELED
1789159926.289,68.274,0.0,-0.0001,0,0,0,0,0,NO IMPACT,UNLABELED
1789159926.752,68.737,0.0,0.0,0,0,0,0,0,NO IMPACT,UNLABELED
1789159927.125,69.111,0.0,0.0,0,0,0,0,0,NO IMPACT,NO_IMPACT
1789159927.267,69.252,0.0,0.0,0,0,0,0,0,NO IMPACT,NO_IMPACT
1789159927.467,69.452,0.0,0.0,0,0,0,0,0,NO IMPACT,UNLABELED
1789159927.68,69.666,0.0005,0.0005,0,74,6,1089,649,NO IMPACT,NO_IMPACT
1789159927.852,69.838,0.0015,0.001,0,269,9,1055,440,NO IMPACT,UNLABELED
1789159928.046,70.031,0.0,-0.0015,0,0,0,0,0,NO IMPACT,UNLABELED
1789159928.223,70.208,0.0,0.0,0,0,0,0,0,NO IMPACT,UNLABELED
1789159928.599,70.585,0.0,0.0,0,0,0,0,0,NO IMPACT,UNLABELED
1789159929.225,71.21,0.0014,0.0014,0,241,11,563,573,NO IMPACT,UNLABELED
1789159929.391,71.376,0.0006,-0.0008,0,91,6,1334,593,NO IMPACT,UNLABELED
1789159929.875,71.861,0.0018,0.0012,0,221,14,999,311,NO IMPACT,UNLABELED
1789159931.897,73.882,0.0164,0.0146,0,4196,29,904,843,MOTION DETECTED,UNLABELED
1789159934.307,76.292,0.0091,-0.0073,0,3313,16,771,849,NO IMPACT,UNLABELED
1789159936.336,78.321,0.0097,0.0006,0,1709,20,751,816,NO IMPACT,UNLABELED
1789159941.12,83.106,0.0011,-0.0086,0,204,7,404,530,NO IMPACT,UNLABELED
1789159943.06,85.045,0.0001,-0.001,0,80,1,477,672,NO IMPACT,UNLABELED
1789159949.54,91.526,0.0013,0.0012,0,362,6,484,685,NO IMPACT,UNLABELED
1789159951.189,93.175,0.0002,-0.0011,0,60,3,408,399,NO IMPACT,UNLABELED
1789159951.836,93.821,0.0002,0.0,0,184,1,503,450,NO IMPACT,UNLABELED
